0.00021682058286387,0.10581620037556,0.20557375252247,0.14383134245872,-0.010366120375693,0.11468235403299,0.013712898828089,-0.08468571305275,0.10306753963232,-0.061711847782135,0.076397992670536,-0.027247659862041,-0.072093985974789,-0.010334490798414,0.16670715808868,-0.086962126195431,-0.041365165263414,0.0061878780834377,-0.097837410867214,-0.078253068029881,-0.021915612742305,-0.042676456272602,0.015019819140434,0.08273696154356,0.21298433840275,-0.22124433517456,-0.045320838689804,0.088879309594631,-0.075673252344131,-0.044811274856329,0.19889934360981,-0.043432306498289,-0.019959336146712,0.11019858717918,0.038105059415102,0.045816600322723,-0.017179222777486,-0.049061398953199,-0.030349278822541,-0.038429010659456,0.12231630831957,-0.080643475055695,0.020783063024282,-0.081526704132557,-0.033008400350809,-0.10867785662413,-0.089258164167404,0.010546661913395,-0.007810156326741,0.035365499556065,0.044131655246019,0.024425240233541,0.020966500043869,-0.072560764849186,0.0017245943890885,0.042233657091856,-0.18460607528687,0.043790113180876,-0.047846265137196,-0.0057932673953474,-0.14614218473434,-0.0016259263502434,-0.051425851881504,-0.16069361567497,0.086090311408043,0.20815441012383,0.021991420537233,-0.047145299613476,-0.26360931992531,0.1701318770647,0.045018006116152,0.090143613517284,-0.011106354184449,-0.01042699161917,0.053050328046083,-0.039205882698298,0.066279776394367,-0.11266826838255,-0.01352593395859,0.085202351212502,-0.072990037500858,-0.089664570987225,0.065986186265945,-0.048231158405542,-0.030346997082233,-0.044890932738781,-0.025706391781569,-0.039162036031485,-0.068848311901093,0.11467745155096,0.030579559504986,-0.13183018565178,0.074804916977882,-0.0034734110813588,-0.057348005473614,-0.027646182104945,-0.080350711941719,-0.091460578143597,0.02401634119451,0.01529639493674,-0.02045588940382,-0.0059742890298367,-0.040873996913433,-0.033902779221535,0.07531376928091,0.096898049116135,0.068496815860271,-0.020944723859429,0.046511609107256,-0.054361212998629,-0.041275076568127,0.057454444468021,-0.00087657972471789,0.070163398981094,0.090985968708992,-0.085723325610161,-0.013443157076836,0.15689498186111,0.1077581346035,0.15067115426064,0.093636706471443,-0.025586564093828,-0.10782068967819,0.081388436257839,0.20140162110329,0.034324038773775,0.18057511746883,0.00064002815634012
0.036013122648001,0.045002270489931,0.13823558390141,0.22412487864494,0.027083879336715,0.059240017086267,0.025953684002161,-0.13077493011951,0.094510905444622,-0.03073738142848,0.060947250574827,0.014464949257672,-0.08058025687933,-0.010863568633795,0.072987139225006,0.0022495561279356,0.035016041249037,0.045977473258972,-0.061125036329031,0.020576426759362,0.013017018325627,-0.11683191359043,-0.038261685520411,0.1762378513813,0.20614098012447,-0.14710156619549,-0.10480369627476,0.056932207196951,-0.015582054853439,0.010799331590533,0.16239766776562,0.13860161602497,-0.061309766024351,0.088651716709137,-0.013377933762968,0.057044766843319,-0.052561093121767,-0.051223412156105,0.0083656935021281,-0.12624362111092,0.081725671887398,-0.070033073425293,0.040694169700146,-0.14602699875832,0.071828082203865,-0.13400584459305,-0.052253283560276,0.023458687588573,0.0082219215109944,-0.020162634551525,0.039428520947695,0.0346381329,0.091319791972637,-0.10515893995762,0.062713898718357,0.03292078897357,-0.16864165663719,0.068252213299274,-0.026937490329146,-0.019310424104333,-0.10379924625158,0.037489954382181,-0.011250552721322,-0.17230629920959,0.028264110907912,0.27635958790779,0.0061147953383625,-0.093377694487572,-0.26932862401009,0.09925901144743,-0.035456702113152,0.10070612281561,-0.043430026620626,0.067762561142445,0.0094654178246856,-0.076837703585625,0.1716576218605,-0.078840225934982,-0.012559452094138,0.052270732820034,-0.033964149653912,-0.0039632325060666,-0.0061304331757128,-0.13885439932346,0.038887780159712,-0.059351440519094,-0.082788102328777,-0.0032388323452324,-0.023817781358957,0.092352591454983,0.073178820312023,-0.0362290404737,0.047266382724047,0.07165502011776,0.021062077954412,0.056313417851925,-0.053013745695353,-0.091109611093998,0.054820172488689,-0.01396615523845,0.038987658917904,-0.073572151362896,-0.074394099414349,-0.0023796504829079,0.038106970489025,0.14763054251671,0.097293317317963,-0.08453980833292,0.088391311466694,-0.026132402941585,-0.068388350307941,0.11509900540113,0.025458259508014,0.021326880902052,0.13658845424652,-0.10434750467539,-0.0040489542298019,0.12226934731007,0.092306010425091,0.12054355442524,0.042434606701136,0.0079128686338663,-0.03066492266953,0.033427190035582,0.064904227852821,0.1202136054635,0.14322267472744,-0.073915161192417
0.044657152146101,0.15019384026527,0.17564855515957,0.18094502389431,0.075799755752087,0.06909853219986,0.090888530015945,-0.12943930923939,0.055853817611933,-0.026429489254951,0.015786454081535,0.002727787476033,-0.045008651912212,0.00035110756289214,0.073685042560101,0.0033958230633289,0.086365200579166,0.15518099069595,-0.10988203436136,-0.052322924137115,0.10674977302551,-0.024964487180114,-0.056004282087088,0.12350495159626,0.18840724229813,-0.19354201853275,-0.20055860280991,0.055664103478193,0.026867095381021,0.13072679936886,0.10123658925295,0.18833827972412,-0.034324791282415,0.13318401575089,0.064412593841553,-0.04769716411829,0.038597352802753,-0.021325714886189,0.051630679517984,-0.13641339540482,0.068803049623966,-0.0089640496298671,0.164008051157,-0.14444528520107,0.038231197744608,-0.10482995212078,0.00020850419241469,-0.033078480511904,-0.042477540671825,-0.051522180438042,0.124999538064,0.027770968154073,0.048078045248985,-0.038921698927879,0.054156001657248,0.059975050389767,-0.089982226490974,0.027474077418447,-0.025962604209781,-0.047421656548977,-0.050461638718843,0.010773534886539,-0.08923028409481,-0.19064962863922,0.056631054729223,0.1881500184536,-0.018521163612604,-0.11011137068272,-0.28388869762421,0.12765668332577,0.014801165089011,0.062273725867271,-0.040851846337318,0.025413751602173,-0.048514250665903,-0.010396992787719,0.11544132232666,-0.088094860315323,-0.020320447161794,-0.039849117398262,-0.043767087161541,0.1022672355175,0.032519321888685,-0.043010901659727,0.074883759021759,-0.064123287796974,-0.065715707838535,-0.049354638904333,-0.034676574170589,0.13954778015614,0.032637640833855,-0.11202055960894,-0.0020334746222943,0.010388336144388,0.0038665935862809,0.036241002380848,-0.051770191639662,0.0018082860624418,0.010066949762404,0.041954603046179,0.04287663474679,0.019671304151416,-0.01255963370204,0.11177868396044,-0.0057103936560452,0.064279742538929,0.063858941197395,-0.038065366446972,0.088020205497742,-0.036778960376978,-0.068309061229229,0.0075160805135965,-0.082601189613342,0.038216322660446,0.12579727172852,-0.10252357274294,-0.0051759374327958,0.050285082310438,0.039537511765957,0.096005722880363,0.085750848054886,0.083733387291431,-0.037040397524834,0.021839713677764,0.10552438348532,0.051747094839811,0.15725237131119,-0.10251405090094
0.031268794089556,0.16603198647499,0.19457578659058,0.10236298292875,-0.051767755299807,0.092199586331844,0.082925699651241,-0.051654882729053,0.064133420586586,-0.026980416849256,0.05683384463191,-0.094172827899456,0.028976064175367,0.03356159850955,0.059102408587933,-0.030912993475795,0.039211049675941,0.13399006426334,-0.15405796468258,-0.086984947323799,0.14723548293114,-0.078840881586075,-0.085440441966057,0.15917524695396,0.13442370295525,-0.21551406383514,-0.20406419038773,0.067830681800842,0.047192487865686,0.094955593347549,0.12222826480865,0.06821009516716,-0.066381298005581,0.12147287279367,0.05732249841094,-0.041590344160795,-0.0030760723166168,0.041138127446175,0.047944739460945,-0.088766522705555,-0.010972402058542,-0.027589889243245,0.093368522822857,-0.10917274653912,0.11982310563326,-0.19613580405712,-0.032062277197838,0.00079222396016121,-0.089784301817417,-0.037953119724989,0.051832944154739,0.0041270167566836,0.044889736920595,-0.018385736271739,-0.0042796260677278,0.080708473920822,-0.10260787606239,0.082782939076424,0.00069417158374563,-0.1401946246624,-0.060196656733751,0.061994649469852,-0.042157731950283,-0.15911656618118,-0.023203298449516,0.24264666438103,0.035261247307062,-0.11530567705631,-0.29026514291763,0.044573865830898,0.016550226137042,-0.0036535284016281,-0.039983350783587,0.0045890561304986,-0.021875619888306,-0.070526286959648,0.096858114004135,-0.13497176766396,0.048332095146179,0.015546205453575,-0.03926795348525,0.0097687840461731,0.016534639522433,-0.094482749700546,0.022024685516953,-0.009735357016325,-0.074794702231884,-0.1039817109704,0.034190155565739,0.11745776981115,0.043485045433044,-0.16966198384762,0.071629710495472,-0.0047010602429509,-0.0054686097428203,0.037602446973324,-0.090434119105339,0.018003916367888,-0.030392462387681,0.083535641431808,0.067700602114201,0.046077225357294,-0.046152472496033,0.11481630802155,0.0131033686921,0.1030690819025,0.045455098152161,-0.05539096519351,0.073995620012283,-0.10206963866949,-0.062593765556812,0.020113965496421,-0.099126778542995,0.055027209222317,0.108478538692,-0.018555089831352,0.0051552918739617,0.097487792372704,0.049354627728462,0.062633134424686,0.03598340600729,-0.02424381673336,-0.054177395999432,0.023405401036143,0.071841590106487,0.048438113182783,0.10302021354437,-0.072772458195686
-0.0035014371387661,0.068133294582367,0.2659102678299,0.22481274604797,0.042128808796406,0.0083370944485068,0.033009178936481,-0.15352812409401,0.15465296804905,-0.081340633332729,0.0022894053254277,0.04991228505969,-0.17726413905621,-0.02385139465332,0.062297631055117,-0.087338753044605,0.0099484920501709,0.047859910875559,-0.098950058221817,-0.079702042043209,-0.037341386079788,0.0029879168141633,-0.03747845441103,0.10210627317429,0.20199155807495,-0.16477715969086,-0.06858179718256,0.14073672890663,-0.050630662590265,-0.048061702400446,0.1344433426857,0.025662589818239,-0.080438338220119,0.044135116040707,0.043398480862379,-0.035499721765518,-0.03057817928493,-0.026659769937396,-0.026564972475171,-0.039277888834476,0.14421060681343,0.039000641554594,0.009202940389514,-0.1580688804388,0.01635885797441,-0.10531855374575,-0.13105297088623,-0.050909947603941,0.10377855598927,-0.020054018124938,0.10482757538557,0.080056011676788,0.041711281985044,-0.077315881848335,0.01688770391047,-0.013354601338506,-0.12894932925701,0.02228650636971,-0.046788565814495,0.025907058268785,-0.034751251339912,-0.0057283756323159,-0.11064963042736,-0.085359573364258,0.074304558336735,0.1389000415802,0.061430223286152,-0.087879687547684,-0.20345282554626,0.2023202329874,0.053152561187744,0.12028536945581,0.077473387122154,0.08514167368412,-0.013075946830213,-0.03344751894474,0.062599346041679,-0.088466502726078,-0.048133850097656,-0.0024295051116496,-0.046049054712057,0.06761122494936,0.087651908397675,-0.034457668662071,0.092061229050159,-0.15981927514076,-0.017278788611293,0.0387445949018,-0.110506311059,0.042999092489481,-0.013189787976444,-0.032376348972321,0.11029717326164,-0.0039320816285908,-0.0042650122195482,-0.044058121740818,-0.0072044064290822,-0.15874217450619,0.059108052402735,0.026886828243732,-0.027561647817492,-0.025118101388216,-0.025852136313915,0.0051198359578848,0.076403863728046,0.0056387945078313,0.12677335739136,-0.065050505101681,0.057421900331974,0.01034864410758,-0.0087300790473819,0.050599418580532,0.029396364465356,0.088933609426022,0.07510107010603,-0.13363905251026,-0.05406991392374,0.14396174252033,0.032828569412231,0.028544535860419,0.021798243746161,0.12873938679695,-0.10952063649893,-0.025863813236356,0.1879635900259,0.060847152024508,0.1147224009037,-0.054031789302826
0.027199571952224,0.10885864496231,0.076617680490017,0.14972440898418,0.045892529189587,0.078052505850792,0.064303778111935,-0.085396945476532,0.064695082604885,0.035629514604807,0.050418209284544,-0.0821393430233,-0.044684015214443,0.038164895027876,0.074600555002689,-0.023444188758731,0.045726999640465,0.16320256888866,-0.066992662847042,-0.006152109708637,0.061989963054657,-0.15965451300144,-0.018938587978482,0.093839764595032,0.17683090269566,-0.20729723572731,-0.1847689896822,0.051239218562841,0.021245948970318,0.025723624974489,0.13020904362202,0.10384814441204,-0.059540089219809,0.06803272664547,0.063350312411785,0.066676661372185,-0.055169463157654,-0.035319682210684,-0.01510707475245,-0.20182168483734,0.014871223829687,-0.028912086039782,0.062242489308119,-0.068235829472542,0.033482737839222,-0.11171374469995,-0.03989977017045,0.077599242329597,-0.046543430536985,-0.0061352229677141,-0.02191992290318,0.042105436325073,0.024809690192342,-0.099510483443737,0.03606753051281,0.053107544779778,-0.13304790854454,0.048324681818485,-0.0047104004770517,-0.085459128022194,-0.077390655875206,0.066193424165249,0.031185269355774,-0.16113346815109,0.035111058503389,0.26069968938828,-0.042846415191889,-0.070847347378731,-0.24980629980564,0.14238822460175,0.014015402644873,0.083656460046768,-0.018783610314131,0.023713493719697,-0.082513093948364,-0.10151264816523,0.13566815853119,-0.074355997145176,0.020978573709726,-0.087363474071026,-0.074815414845943,0.032765131443739,-0.0775436013937,-0.1305543333292,0.011640548706055,-0.032408136874437,-0.13055624067783,-0.015908161178231,0.089860737323761,0.13212789595127,0.12081184238195,-0.05051913484931,0.021123073995113,-0.042280051857233,0.082001827657223,0.014023589901626,-0.076032795011997,0.017417442053556,-0.021257519721985,0.016476919874549,0.075274743139744,-0.012630557641387,-0.011893157847226,-0.071139633655548,0.015304172411561,0.17147320508957,0.082000508904457,-0.096901156008244,0.14629170298576,-0.00032898291829042,-0.053114607930183,0.076307028532028,-0.0026959013193846,0.024190785363317,0.15836055576801,-0.098977074027061,0.074931189417839,0.050704520195723,0.13717119395733,0.088275924324989,0.042148131877184,-0.036396827548742,0.0016211048932746,0.080567575991154,0.024227967485785,0.055731993168592,0.17157936096191,-0.067057311534882
0.081994757056236,0.11731737107038,0.06856395304203,0.15700367093086,-0.039373174309731,0.11429289728403,0.080302633345127,0.0038791375700384,-0.0011124295415357,-0.01544433273375,0.098499722778797,-0.031668603420258,0.0061304811388254,0.035517074167728,0.085911303758621,-0.075835481286049,0.12691986560822,0.11354064941406,0.0037205619737506,-0.065390214323997,0.089817896485329,-0.1006805896759,-0.034918870776892,0.17634503543377,0.19054070115089,-0.28412872552872,-0.075197629630566,0.038539547473192,-0.047708209604025,0.10479642450809,0.084726974368095,-0.057271037250757,-0.0032756072469056,0.12140928953886,-0.021624075248837,-0.038211394101381,0.0071502523496747,-0.097685433924198,-0.0057725943624973,-0.031559854745865,0.0063777072355151,-0.032224360853434,0.12475314736366,-0.063765928149223,0.0065279500558972,-0.20569391548634,0.00012631334539037,-0.071865446865559,-0.022835304960608,0.042808346450329,0.14910405874252,-0.040537089109421,-0.012301351875067,0.0068366657942533,0.0031832160893828,0.10340993851423,-0.09262827038765,0.060960367321968,0.052317731082439,-0.035521280020475,-0.058647438883781,0.013852444477379,-0.059676218777895,-0.26905900239944,0.033362206071615,0.12969256937504,0.022704429924488,-0.15924891829491,-0.27612340450287,0.059098299592733,0.0085678305476904,0.062347680330276,-0.067348711192608,-0.026539728045464,-0.01560736913234,-0.0073523255996406,0.16623815894127,-0.045461963862181,-0.015068826265633,0.021146908402443,-0.15898555517197,-0.084351591765881,0.062060195952654,-0.045464068651199,0.0070623583160341,0.068647921085358,-0.067128576338291,-0.17384411394596,0.010374527424574,0.050020646303892,-0.046560764312744,-0.19004271924496,0.047033291310072,-0.044401977211237,0.03027412109077,-0.023962151259184,-0.068690545856953,-0.00050441507482901,-0.04260378330946,0.085717663168907,-0.021670237183571,0.08468322455883,0.031807500869036,0.10241129249334,0.0043907198123634,0.09755927324295,0.050224132835865,-0.032153896987438,-0.065447196364403,-0.086429558694363,-0.093737214803696,-0.049524206668139,0.022031735628843,0.024587258696556,0.038486860692501,-0.046059783548117,0.11687713861465,0.079608455300331,0.063737705349922,0.12198520451784,0.014273473061621,-0.065822958946228,-0.09772527217865,0.05393747985363,0.11840327084064,0.020411694422364,0.10723322629929,-0.0027144541963935
-0.025055237114429,0.12476761639118,0.11814428120852,0.17352013289928,0.004320960957557,0.090072445571423,0.021413272246718,-0.1256388425827,0.077554129064083,-0.018601592630148,0.050855718553066,-0.048701398074627,-0.047964014112949,0.015046269632876,0.017762968316674,0.0062204622663558,0.030861988663673,0.18885204195976,-0.053376030176878,-0.058006353676319,0.1578696668148,-0.12616357207298,-0.070583984255791,0.16946887969971,0.1969378888607,-0.17347453534603,-0.18884620070457,0.0089535182341933,0.048541430383921,0.10430970788002,0.14774073660374,0.11491368710995,-0.027478428557515,0.063276067376137,0.076683826744556,0.044400122016668,-0.061475686728954,-0.069184139370918,-2.3798078473192e-05,-0.1622761040926,0.029171999543905,-0.026175340637565,0.1172796189785,-0.049822509288788,0.097284376621246,-0.16797225177288,0.040985714644194,-0.0063898614607751,-0.065186366438866,-0.092376492917538,0.038271747529507,0.007022010628134,0.090424999594688,-0.085463829338551,0.054753646254539,0.12264320999384,-0.094111315906048,0.058839470148087,0.017478277906775,-0.1205080524087,-0.060944870114326,0.067438811063766,0.01257845107466,-0.13861773908138,0.040853668004274,0.22433023154736,-0.013593007810414,-0.15543247759342,-0.24641877412796,0.13798385858536,-0.0099640171974897,0.034252915531397,-0.04535048827529,-0.029547045007348,-0.046129789203405,-0.069032177329063,0.090746469795704,-0.0593281686306,-0.030557444319129,-0.056803800165653,-0.070326343178749,0.10596561431885,-0.02309780754149,-0.096255004405975,0.0033746503759176,0.0048661744222045,-0.093713268637657,-0.062624678015709,0.0007511637522839,0.1168410629034,0.066292300820351,-0.075679168105125,0.0047844517976046,-0.036748733371496,0.060194179415703,0.058187950402498,-0.10025234520435,0.062058139592409,-0.0060135931707919,0.052949767559767,0.075106158852577,0.0021584995556623,-0.0093637946993113,-0.0037656323984265,0.015293694101274,0.1483561694622,0.086370997130871,-0.091692894697189,0.075102902948856,-0.041159369051456,-0.088840797543526,0.01164564397186,-0.058042880147696,-0.034100338816643,0.1417820751667,-0.054890468716621,0.03954304009676,0.014431258663535,0.10559788346291,0.079785369336605,0.071357063949108,-0.028452251106501,-0.031660389155149,-0.014456477016211,-0.0016087159747258,0.1223186403513,0.15430676937103,-0.029206812381744
-0.031914841383696,0.12256687134504,0.18442521989346,0.18184512853622,-0.0068206149153411,0.034179858863354,0.06027714163065,-0.076704457402229,0.17307184636593,-0.03951008990407,0.036997105926275,-0.044880092144012,-0.051049292087555,-0.0012273124884814,0.083207570016384,-0.018705882132053,0.027651235461235,0.098612993955612,-0.1221871972084,-0.07342591881752,0.10538095235825,-0.11324547231197,-0.06591073423624,0.15094707906246,0.21664674580097,-0.21935176849365,-0.16878728568554,0.048307321965694,0.010212771594524,0.064661182463169,0.1967119127512,0.11087111383677,0.0033750077709556,0.10080740600824,0.037512436509132,-0.0075762053020298,-0.00061156443553045,0.004781489726156,-0.01529148966074,-0.12210643291473,0.091968394815922,-0.042820621281862,0.10258516669273,-0.10639945417643,0.096647784113884,-0.178068369627,-0.050264332443476,-0.033472280949354,0.013157805427909,-0.080245658755302,0.035167839378119,0.0062967953272164,0.092239014804363,-0.078868694603443,0.045270510017872,0.092906504869461,-0.13303285837173,0.023934593424201,-0.0086145969107747,-0.10255132615566,-0.10064368695021,-0.010899632237852,-0.090507999062538,-0.14448970556259,0.025419808924198,0.24876384437084,0.010189395397902,-0.12455957382917,-0.26269638538361,0.081195317208767,0.0041357344016433,0.041785094887018,-0.051284190267324,-0.013172401115298,0.010075267404318,-0.042757075279951,0.1009411662817,-0.082544893026352,-0.030899049714208,0.018765207380056,-0.091539204120636,0.037946037948132,0.030583076179028,-0.061802852898836,0.043128676712513,-0.021549561992288,-0.05741173774004,-0.03496889770031,-0.018533853814006,0.084073938429356,0.010018967092037,-0.11177403479815,0.040006965398788,-0.036543361842632,0.0064760223031044,0.043374661356211,-0.098106794059277,-0.024753736332059,0.010783421806991,0.048775780946016,0.035716988146305,-0.043949164450169,-0.017474688589573,0.053712956607342,0.03053286857903,0.086372271180153,0.068978488445282,-0.064396634697914,0.090767368674278,-0.069045662879944,-0.11084099113941,0.031481061130762,-0.096735328435898,0.012856034561992,0.13063582777977,-0.071400739252567,0.0051438356749713,0.071049422025681,0.088035859167576,0.1081353649497,0.076556444168091,0.058278411626816,-0.07973662763834,0.04181382805109,0.087169282138348,0.062078569084406,0.13863678276539,-0.038031682372093
-0.061018798500299,0.12080484628677,0.14199243485928,0.16068771481514,0.071966983377934,0.022075725719333,0.043580688536167,-0.20954887568951,0.15765433013439,-0.070105284452438,0.020159525796771,0.021351657807827,-0.10026686638594,0.043758329004049,0.08063916862011,-0.027580184862018,-0.043205611407757,0.043588437139988,-0.13680052757263,-0.002953469986096,-0.032795324921608,-0.066718764603138,-0.0019791340455413,0.027642279863358,0.15468864142895,-0.13965830206871,-0.18005055189133,0.085454016923904,0.0038626845926046,0.0008343284134753,0.1666476726532,0.16757616400719,-0.0054932637140155,0.046500477939844,0.052932724356651,0.095149137079716,-0.014490772038698,0.031259119510651,-0.018598448485136,-0.091000221669674,0.11945500969887,0.0034261744003743,0.048166178166866,-0.14465786516666,-0.0042997319251299,-0.018749449402094,-0.045591961592436,0.0085400259122252,0.016012370586395,-0.030970253050327,-0.092815309762955,0.04745376855135,0.063432812690735,-0.086022295057774,0.043771885335445,0.044026616960764,-0.16321556270123,0.071222521364689,-0.10986430943012,0.018576104193926,-0.15619559586048,0.0606932900846,0.012195412069559,-0.13326175510883,0.087466157972813,0.27315872907639,0.0025955045130104,-0.035056997090578,-0.24743412435055,0.14382974803448,0.073974579572678,0.075946472585201,0.028041867539287,0.090184204280376,0.057495199143887,-0.012805681675673,0.04256746917963,-0.17129719257355,-0.047951929271221,-0.074803069233894,-0.029219744727015,0.0789834856987,-0.027191260829568,-0.049997325986624,-0.019718110561371,-0.04301418736577,-0.063179329037666,0.0080784875899553,-0.067066259682178,0.10353700816631,0.10834927856922,-0.079710960388184,0.076768651604652,-0.010346838273108,0.058289241045713,0.00067670713178813,-0.091454990208149,-0.045949727296829,0.051683221012354,0.031640008091927,-0.023857694119215,-0.094792865216732,-0.040298897773027,-0.032558009028435,0.010574879124761,0.1583953499794,0.085774682462215,-0.034857451915741,0.11622643470764,0.00074021861655638,-0.0392045378685,0.068203657865524,-0.027964551001787,0.053264360874891,0.10067444294691,-0.10368789732456,-0.02445144765079,0.1031621620059,0.13532069325447,0.11740722507238,0.088470630347729,0.039542511105537,-0.045432660728693,0.060408510267735,0.06537126749754,0.098318845033646,0.13588443398476,-0.05030682682991
-0.013053486123681,0.054045382887125,0.10853326320648,0.10467206686735,0.10926873981953,0.036118432879448,-0.038035314530134,-0.20293800532818,0.20548367500305,-0.048865795135498,0.025973619893193,0.0036384393461049,-0.080825969576836,0.079769916832447,0.10761103034019,-0.065691389143467,0.071291550993919,0.17097310721874,-0.084356561303139,-0.040160790085793,0.010468863882124,0.033950246870518,0.041078541427851,0.13238452374935,0.17024056613445,-0.17574767768383,-0.029555760324001,0.10371279716492,-0.023335034027696,0.048330940306187,0.20647212862968,0.061594732105732,0.057147923856974,0.055933080613613,0.11731412261724,0.079483680427074,0.0038741619791836,-0.042897082865238,-0.049243852496147,-0.14180454611778,0.060129780322313,0.032741602510214,0.05149444565177,-0.0074443924240768,-0.049548592418432,-0.1083822697401,-0.10085497796535,0.10815035551786,0.12342220544815,0.011557544581592,0.027705289423466,0.03458359465003,0.094478815793991,-0.12963297963142,0.018695760518312,0.065498732030392,-0.14248116314411,0.050764437764883,-0.034930918365717,-0.053628776222467,-0.13738764822483,-0.010118084959686,-0.013824039138854,-0.078676722943783,0.026274990290403,0.11676348000765,-0.026414375752211,-0.036153823137283,-0.23670592904091,0.22200061380863,0.039971213787794,0.016631091013551,-0.0039474763907492,-0.08146508783102,-0.089322879910469,-0.064525157213211,0.044259328395128,-0.11405006051064,-0.049081448465586,-0.054531693458557,0.013819381594658,0.12451679259539,-0.0055982056073844,-0.044717077165842,0.085772968828678,-0.14712944626808,-0.088035322725773,0.012883150950074,-0.025513727217913,0.15991035103798,0.056717742234468,-0.052337482571602,0.036806087940931,-0.034825373440981,0.079608865082264,-0.0038799138274044,-0.1563093662262,0.0043954709544778,9.574612340657e-05,-0.024650091305375,0.081403367221355,-0.0069522089324892,0.015285091474652,-0.078648574650288,0.028073910623789,0.039893511682749,0.05647062882781,-0.18611323833466,0.14033551514149,0.045893967151642,0.0058785574510694,0.047325003892183,-0.0095541961491108,0.11132982373238,0.056854706257582,-0.099561959505081,0.038043938577175,0.027288038283587,0.067853175103664,0.12192867696285,0.14171540737152,0.03296322748065,-0.081634238362312,0.025903219357133,0.037255246192217,0.0090811010450125,0.1644335091114,-0.019379571080208
-0.020578814670444,0.075746953487396,0.1423118263483,0.033392257988453,0.098339051008224,0.18567502498627,0.025441516190767,-0.041553631424904,-0.010256526991725,-0.016410682350397,0.028260484337807,0.013423157855868,-0.10780165344477,-0.027625104412436,0.20095829665661,-0.0199741628021,-0.018971782177687,0.092386692762375,-0.0021860220003873,-0.15467521548271,-0.0017871777527034,0.092622250318527,0.01632828079164,0.099550925195217,0.17983493208885,-0.11000505834818,-0.0016269554616883,0.043641041964293,0.048955857753754,-0.048964090645313,0.17869107425213,0.00071389129152521,-0.041546560823917,0.10033804178238,0.045716777443886,0.054304044693708,-0.0098300911486149,-0.18931625783443,0.034136299043894,0.031166577711701,0.19112493097782,-0.015883600339293,0.11309590190649,0.013013672083616,-0.09607969224453,-0.14236924052238,0.028943061828613,-0.016848858445883,-0.030601674690843,-0.0080508217215538,0.038376394659281,-0.058112289756536,-0.015163322910666,-0.068548828363419,-0.023578548803926,0.11858386546373,-0.086679361760616,0.15791022777557,-0.049127224832773,0.03872311860323,-0.18440882861614,0.034324146807194,0.040530279278755,-0.16847647726536,0.098313428461552,0.16970525681973,-0.019264429807663,-0.13030853867531,-0.2096983641386,0.22327050566673,-0.027218628674746,0.14363995194435,-0.019763000309467,0.046733506023884,0.042170334607363,-0.070574209094048,0.023896371945739,-0.050167605280876,-0.066426746547222,-0.091525182127953,0.0010182310361415,0.085723072290421,0.10617034137249,-0.00098533055279404,-0.030140113085508,-0.040215034037828,0.017996126785874,-0.032739236950874,-0.1089550703764,0.10644636303186,0.12358290702105,-0.050502829253674,-0.067357853055,-0.043062437325716,0.10716676712036,0.055987864732742,-0.097175359725952,0.061861142516136,-0.03016191907227,0.072317056357861,-0.097614608705044,-0.056744445115328,0.014184270985425,-0.0048213498666883,0.0063371560536325,0.10455605387688,0.020781017839909,-0.087944574654102,0.0079790046438575,-0.051315192133188,0.009583679959178,0.052875105291605,0.048183426260948,0.020862154662609,0.11107715219259,-0.094855792820454,0.10236212611198,0.033266846090555,0.11754281818867,0.14364224672318,0.21277183294296,-0.087916813790798,-0.026402644813061,0.0063793258741498,-0.011277219280601,0.048033282160759,0.095266737043858,0.035305514931679
-0.0019968887791038,0.080056354403496,0.012072758749127,0.015183323062956,0.075625345110893,0.17449314892292,0.031771570444107,-0.061040919274092,-0.10250058025122,0.083274707198143,0.037117224186659,-0.060062699019909,0.0050261612050235,0.06815741956234,0.10616137832403,0.010786777362227,-0.064623288810253,0.11204952001572,-0.01909158192575,-0.048676583915949,0.0033893696963787,-0.11249379068613,0.11875113844872,-0.043286107480526,0.13369566202164,-0.10132067650557,-0.08225104957819,0.061133805662394,0.054423786699772,-0.056593645364046,0.096279166638851,0.056916438043118,-0.09625893086195,0.037436556071043,0.01576765999198,0.081035323441029,-0.10552210360765,-0.042911663651466,0.03979180380702,-0.071920141577721,0.056372292339802,-0.06088924407959,0.070268861949444,0.006961923558265,-0.14007064700127,-0.14275918900967,-0.002637387951836,0.097554571926594,-0.044041853398085,0.048899576067924,-0.00050789507804438,0.024678073823452,-0.085689306259155,-0.023047961294651,-0.0082771815359592,0.022928101941943,-0.0047883247025311,0.12306200712919,0.017922610044479,-0.044050171971321,-0.14101301133633,0.085777878761292,0.13415053486824,-0.11911009252071,0.078256160020828,0.25887566804886,-0.089392520487309,0.00050663523143157,-0.17449854314327,0.21070824563503,-0.01215313654393,0.19373866915703,0.02488175407052,0.10473925620317,-0.000472427229397,-0.11781049519777,0.077234752476215,-0.10638589411974,-0.0017547652823851,-0.10179364681244,0.0095475660637021,-0.054087437689304,0.050637859851122,-0.050927229225636,-0.10062250494957,-0.028677878901362,-0.042174831032753,0.044811248779297,0.090985164046288,0.072912380099297,0.13084153831005,-0.040799200534821,-0.0016815119888633,-0.068387009203434,0.075069926679134,-0.047433897852898,-0.086472071707249,0.16957640647888,-0.036152973771095,0.031294222921133,0.0026358987670392,0.0023228330537677,0.033742297440767,-0.022121543064713,0.060426965355873,0.16723889112473,0.00081335194408894,0.0088953003287315,0.15818518400192,-0.063931375741959,-0.033084575086832,0.136479139328,0.061335660517216,0.085658699274063,0.12926609814167,-0.066361978650093,0.15528126060963,0.1282075792551,0.16035042703152,0.13926154375076,0.10451455414295,-0.17250484228134,0.043587207794189,0.0029466822743416,-0.075848862528801,0.042230736464262,0.096492506563663,0.08306210488081
0.0087479511275887,0.095883764326572,0.021812962368131,0.034111853688955,0.11999522894621,0.11753479391336,-0.01266698166728,-0.085270963609219,-0.033424649387598,0.010985062457621,0.0028926683589816,-0.059050902724266,-0.035434287041426,0.10712692141533,0.14062522351742,0.007749542593956,0.059354700148106,0.070020712912083,0.019280245527625,-0.00093457096954808,-0.0063980687409639,-0.06389357894659,0.091160029172897,0.051071766763926,0.15837128460407,-0.18120609223843,-0.017969904467463,0.09830966591835,0.015601015649736,-0.0084478231146932,0.11583859473467,-0.0048041143454611,0.0081048188731074,0.070003516972065,0.057894870638847,0.13769574463367,-0.0043698418885469,-0.11429690569639,-0.058188278228045,-0.15229216217995,0.029493942856789,-0.038049269467592,0.16262239217758,-0.016929754987359,-0.071342371404171,0.0067399432882667,0.026864990592003,0.12171342968941,-0.059908583760262,0.0770208761096,-0.029681039974093,-0.027634447440505,0.0051636607386172,-0.087915860116482,0.062706410884857,0.065881006419659,-0.12897036969662,0.094623692333698,-0.0036241780035198,-0.032970186322927,-0.13824932277203,0.090655244886875,0.060314632952213,-0.18786677718163,0.11221177130938,0.22547668218613,-0.1232136785984,-0.027236938476562,-0.24434593319893,0.18554122745991,-0.012447661720216,0.10218454897404,-0.044409919530153,-0.045575737953186,0.0044841854833066,-0.017415380105376,0.1474182009697,-0.025793846696615,0.018928969278932,-0.11449666321278,0.006378791294992,-0.037401407957077,-0.038213737308979,-0.054709531366825,-0.04731161147356,-0.031981039792299,-0.14456969499588,0.01737898401916,0.037168279290199,0.20857673883438,0.14454625546932,-0.044669155031443,-0.039265684783459,-0.022279921919107,0.11544195562601,0.047110430896282,-0.077798187732697,0.12050256878138,-0.016605544835329,-0.017634190618992,0.024370137602091,-0.0091902185231447,0.0042890817858279,-0.11443958431482,-0.040267933160067,0.17563255131245,-0.00043894309783354,-0.084170579910278,0.086813606321812,-0.027255456894636,-0.012451934628189,0.07382233440876,0.087304428219795,0.06368587911129,0.10795734077692,-0.072756126523018,0.11025071144104,0.08931490778923,0.10060679912567,0.18830940127373,0.091722473502159,-0.11033822596073,0.020268883556128,0.06432618200779,-0.028156416490674,0.05323151499033,0.14321255683899,-0.042410012334585
0.009048474021256,-0.011220045387745,-0.086523376405239,-0.019257508218288,0.053944613784552,0.19780890643597,-0.011238033883274,-0.042272944003344,-0.020659625530243,-0.058961700648069,0.060042254626751,0.04595348238945,0.056828927248716,0.078320108354092,-0.040766380727291,0.025453742593527,-0.029457649216056,0.086184561252594,-0.023340754210949,-0.055248375982046,0.15206310153008,-0.087104864418507,0.015284697525203,0.20144714415073,0.097936443984509,-0.13089662790298,0.022746304050088,-0.041790660470724,-0.022893659770489,0.079246811568737,0.081369586288929,-0.10056934505701,-0.073875576257706,0.042046159505844,-0.063854075968266,0.094960443675518,-0.10837983340025,-0.19447807967663,0.0085684359073639,0.066434487700462,0.021873349323869,0.014037339948118,0.086691752076149,0.058262579143047,-0.0085540916770697,-0.18800203502178,0.076257675886154,0.0069852122105658,-0.029492324218154,0.029666233807802,-0.0068800686858594,-0.16887292265892,-0.016677990555763,-0.0023503825068474,0.015102406032383,0.14436148107052,-0.042117536067963,0.25570663809776,0.022158928215504,-0.035883914679289,-0.063227951526642,0.13812434673309,0.15750589966774,-0.14323668181896,-0.016497060656548,0.080874234437943,-0.034762009978294,-0.0068794609978795,-0.10734264552593,0.076021611690521,0.001291959779337,0.12511275708675,-0.05736306682229,-0.097076393663883,0.035355664789677,0.051769569516182,0.045867208391428,-0.0097199864685535,-0.051783297210932,-0.032802168279886,-0.021120119839907,0.027653070166707,0.055589769035578,-0.010846576653421,-0.2016663402319,0.17298464477062,0.027956604957581,-0.084271989762783,-0.052898027002811,-0.010554947890341,0.047854874283075,-0.14456807076931,0.0017359709599987,-0.0195416752249,0.053197979927063,0.041836656630039,-0.17487335205078,0.082647703588009,-0.012562827207148,0.085329234600067,0.0037213149480522,-0.068849928677082,-0.014486024156213,0.049821767956018,-0.025026364251971,0.14366982877254,-0.11715541034937,-0.035209622234106,-0.19624090194702,-0.076385766267776,-0.015618833713233,0.0047859787009656,0.090180806815624,0.010119961574674,-0.010939328931272,0.11447571963072,0.021346030756831,0.10823042690754,0.024408310651779,0.13387531042099,0.04490003362298,-0.15591035783291,-0.061096262186766,-0.032950177788734,-0.19525249302387,0.14091247320175,-0.13799272477627,0.058791518211365
0.10643190890551,-0.018701015040278,0.021726680919528,0.15943266451359,-0.011467878706753,0.2136592566967,-0.017245341092348,-0.13884305953979,0.058927640318871,-0.069330669939518,0.042122881859541,0.025748267769814,-0.014777231030166,0.033971142023802,0.0077645946294069,0.026932243257761,0.079144433140755,0.091044142842293,0.038376115262508,-0.13242211937904,0.10675997287035,0.022266009822488,0.088471487164497,0.15912088751793,0.11088766157627,-0.13967621326447,-0.010140517726541,-0.12105099856853,-0.11068670451641,0.090363658964634,0.10098672658205,0.034825503826141,-0.020185872912407,0.061890970915556,0.051559958606958,-0.0092775383964181,0.081613980233669,-0.01710993424058,0.10667905956507,0.0072134011425078,-0.011784858070314,0.018025364726782,0.019135445356369,-0.16699555516243,-0.031777493655682,-0.20681171119213,0.0071972562000155,-0.078798390924931,0.05622448772192,0.0041458723135293,0.19109059870243,-0.058920752257109,0.15732125937939,0.092102743685246,0.019726263359189,0.062864489853382,0.16700230538845,0.031102491542697,0.030512494966388,-0.066272728145123,-0.052486207336187,0.031909834593534,-0.011010592803359,-0.3154604434967,0.081428676843643,0.060405135154724,0.060099877417088,-0.011939841322601,-0.13029438257217,0.14782078564167,-0.024822430685163,0.083056285977364,-0.10373769700527,-0.0734538808465,-0.00447140308097,0.027511352673173,0.048038680106401,-0.069440759718418,-0.067492917180061,0.058332834392786,-0.045158158987761,0.059873357415199,0.099690772593021,-0.040864463895559,0.0082274321466684,0.040226016193628,-0.011390360072255,-0.088226206600666,-0.14485430717468,-0.025579692795873,-0.045819710940123,-0.13377933204174,0.09623908996582,0.039031989872456,-0.02562621049583,-0.0037620011717081,-0.037809435278177,0.067867673933506,0.025785865262151,0.10970126092434,0.10534599423409,0.012229493819177,-0.053283222019672,0.13313390314579,0.12350688874722,-0.048541430383921,0.05243756249547,-0.14351028203964,-0.15093022584915,-0.00016824249178171,-0.13333234190941,-0.024639332666993,0.15277418494225,-0.030681613832712,0.054509453475475,0.054806210100651,-0.058149296790361,0.091344080865383,-0.078904911875725,0.056004948914051,0.069692753255367,-0.064545162022114,-0.0025894027203321,-0.1107572093606,0.080225639045238,0.11981700360775,0.019516313448548,0.077157147228718
0.041173879057169,0.029238015413284,-0.024789243936539,0.041080497205257,0.08227314054966,0.2080455571413,-0.026240047067404,-0.098976604640484,-0.028460102155805,-0.029016213491559,0.064398787915707,0.02512507326901,0.040113411843777,0.086381286382675,0.040212072432041,0.063863910734653,0.075650498270988,0.18857911229134,-0.0072737918235362,-0.095328077673912,0.16465604305267,-0.011612312868237,0.068815149366856,0.18046566843987,0.1398234218359,-0.16308262944221,-0.029635813087225,-0.050306405872107,-0.04194163903594,0.11696194857359,0.11056637763977,-0.0076842783018947,-0.027724128216505,0.087638780474663,0.02531861141324,0.067931123077869,-0.025334049016237,-0.16240301728249,0.075704425573349,0.01887496188283,-0.011642156168818,0.050604552030563,0.14154314994812,-0.0047430796548724,-0.037307783961296,-0.2147199511528,0.081319883465767,-0.015587221831083,-0.016460921615362,0.035919852554798,0.11555030941963,-0.16300246119499,0.0048820339143276,0.013550989329815,-0.0068105454556644,0.1368273794651,0.033034220337868,0.17750617861748,0.036190066486597,-0.038387566804886,-0.082518622279167,0.087329231202602,0.068752802908421,-0.23740775883198,0.051039028912783,0.066770367324352,-0.055237982422113,-0.020547306165099,-0.18310090899467,0.14674572646618,0.014091873541474,0.12837702035904,-0.078273192048073,-0.11007338017225,-0.044297434389591,0.019953738898039,0.056075129657984,-0.041423138231039,-0.072380974888802,-0.064930744469166,-0.021234599873424,0.0756506472826,0.067325584590435,-0.010026735253632,-0.14056511223316,0.10159436613321,-0.015071712434292,-0.12005975842476,-0.067830458283424,0.026635255664587,0.0059808436781168,-0.14590303599834,-0.0088340593501925,-0.021228492259979,0.082916833460331,0.0618218742311,-0.17656208574772,0.14472049474716,-0.071776278316975,0.10427090525627,0.019778689369559,-0.023651566356421,-0.0083033265545964,0.098591975867748,0.038381423801184,0.085712872445583,-0.067335940897465,-0.11184301972389,-0.11842958629131,-0.051736574620008,-0.091794162988663,-0.022032396867871,0.0881157964468,0.040516342967749,0.029853142797947,0.048060033470392,0.061134580522776,0.073034301400185,-0.0069900145754218,0.13724730908871,0.10423667728901,-0.10753306001425,-0.023608990013599,-0.036575853824615,-0.097275942564011,0.085025750100613,-0.028670385479927,0.050349056720734
0.066702008247375,0.021950960159302,-0.033745408058167,0.053963374346495,0.086697906255722,0.19830816984177,0.059344239532948,0.030383419245481,-0.00017165830649901,-0.047003697603941,0.088508650660515,0.034416377544403,0.021731045097113,-0.0067365281283855,0.033332888036966,-0.05719231814146,0.099769413471222,0.18520860373974,-0.068546116352081,-0.064392857253551,0.13085903227329,-0.016635745763779,0.024802807718515,0.29805085062981,0.11719574034214,-0.22484761476517,-0.02407325617969,-0.073281370103359,0.028936201706529,0.037464261054993,0.12617006897926,-0.055795896798372,-0.069452710449696,0.070112220942974,-0.05804256722331,-0.00058771815383807,-0.09274323284626,-0.17134304344654,-0.061060477048159,0.072300456464291,0.097523830831051,0.06069727614522,-0.0019215230131522,0.11220794171095,-0.1033506244421,-0.20876570045948,0.040395867079496,-0.019128249958158,-0.0082413367927074,-0.0030765088740736,0.079915918409824,-0.098798096179962,-0.029320800676942,-0.074713692069054,-0.071519039571285,0.13847148418427,-0.019552687183022,0.22513164579868,0.10652852803469,-0.037697494029999,-0.11221408098936,0.10147698223591,0.059437289834023,-0.16528254747391,-0.052660327404737,-0.0073533253744245,0.037937741726637,-0.10041718184948,-0.13639111816883,0.13241608440876,0.0036494489759207,0.10342837870121,-0.016221025958657,-0.053172215819359,-0.021436527371407,-0.020152250304818,-0.020162615925074,0.044358562678099,-0.070485815405846,-0.022185008972883,-0.10642930865288,0.094381392002106,0.050808552652597,-0.062276136130095,-0.026500938460231,0.12339818477631,0.055561106652021,-0.13833691179752,-0.1265694051981,-0.039498701691628,0.043980918824673,-0.113270804286,-0.044611684978008,-0.11365259438753,0.10205032676458,-0.026823373511434,-0.1247605457902,0.04392122104764,-0.08306697010994,0.061817601323128,-0.018089048564434,-0.0035445757675916,0.083760052919388,0.1203425526619,-0.065898194909096,0.053156822919846,-0.062821216881275,-0.042429439723492,-0.078581966459751,-0.075835563242435,0.026604412123561,0.034529708325863,0.051964148879051,-0.010148801840842,-0.0075972881168127,0.0267219170928,0.0023564891889691,-0.044633265584707,0.0573590695858,0.13021804392338,0.056335557252169,-0.079997487366199,-0.16471476852894,0.0217404384166,-0.12120243161917,0.044432234019041,-0.10763581842184,0.035586770623922
0.031636398285627,0.0019797761924565,-0.043599128723145,0.053807437419891,0.12769062817097,0.23250131309032,0.073859535157681,-0.12178394943476,0.013068769127131,-0.031762063503265,-0.028511391952634,0.047198805958033,0.00057887320872396,0.029104569926858,0.059632506221533,0.0269865822047,0.038948945701122,0.098871879279613,0.0055280667729676,-0.1557143330574,0.10896547883749,0.0015780456596985,0.0075173107907176,0.18953990936279,0.14273574948311,-0.12982098758221,-0.087774880230427,-0.13207580149174,-0.040606569498777,0.096824496984482,0.17069612443447,0.051379296928644,-0.13466507196426,0.034168273210526,0.049425426870584,0.05234843865037,-0.0090114800259471,-0.16902692615986,0.078209064900875,0.040566440671682,0.11824060231447,0.06814993917942,0.093080580234528,-0.012424590997398,-0.034657686948776,-0.11951120942831,0.060570381581783,-0.0023703428450972,0.03711986541748,-0.085918813943863,0.090371437370777,-0.14976151287556,0.085909105837345,-0.045751690864563,0.034878633916378,0.13481688499451,0.027095912024379,0.24254800379276,0.039288077503443,-0.018356250599027,-0.08180233836174,0.10728973150253,0.044489588588476,-0.25528034567833,0.077587708830833,0.048041868954897,0.0016649274621159,-0.001213910523802,-0.10557936131954,0.10663698613644,0.019423499703407,0.19819226861,-0.070131279528141,-0.080226801335812,-0.026603139936924,0.083500795066357,-0.021321456879377,0.0026552816852927,-0.065637730062008,-0.025277126580477,-0.012642972171307,0.13655300438404,0.078055009245872,0.004499236587435,-0.11124074459076,0.042822662740946,0.074114993214607,-0.081845626235008,-0.17553818225861,-0.053800866007805,0.014008138328791,-0.073169872164726,0.03398971632123,-0.071659885346889,0.028993790969253,0.048400573432446,-0.061739590018988,0.057969897985458,-0.0084622837603092,0.10499320924282,0.019287116825581,-0.051203325390816,-0.0019086918327957,0.11200439929962,-0.050296418368816,0.0094329826533794,-0.096846684813499,-0.078393265604973,-0.15411926805973,0.042980175465345,-0.018535891547799,-0.028557829558849,0.049178022891283,-0.047094985842705,0.020760029554367,0.07853302359581,-0.068667598068714,0.047351017594337,-0.069333121180534,0.096811942756176,0.12329838424921,-0.050313357263803,-0.047313030809164,-0.037101909518242,-0.13503132760525,0.11332017928362,-0.15523295104504,0.021662915125489
0.093805551528931,-0.02920812740922,-0.099830277264118,0.027837172150612,0.12887306511402,0.21822722256184,0.022359764203429,-0.057385213673115,-0.06162291765213,0.0093759708106518,0.089950211346149,0.042847812175751,0.075334623456001,0.081039547920227,0.066091232001781,0.039303980767727,0.058917436748743,0.158905595541,-0.0067815403454006,-0.033673349767923,0.12930996716022,-0.037990272045135,0.086955316364765,0.18760688602924,0.10498445481062,-0.17899680137634,-0.017925323918462,-0.077097289264202,-0.06466817855835,0.10171036422253,0.054868131875992,-0.00094735820312053,-0.071158140897751,0.11390259861946,-0.030387543141842,0.10454547405243,-0.043885551393032,-0.21748577058315,0.026697335764766,0.023657569661736,0.034819114953279,0.0064915381371975,0.086999610066414,0.028004532679915,-0.10769283026457,-0.15421107411385,0.053759481757879,0.060320280492306,0.0091139497235417,0.08585150539875,0.10211227834225,-0.1523400247097,-0.070778712630272,0.0011366866528988,0.025733903050423,0.10099422931671,0.0059252865612507,0.17585489153862,0.049537915736437,0.045489892363548,-0.074627712368965,0.08705622702837,0.081253476440907,-0.21994571387768,0.030196968466043,0.017257953062654,-0.075183726847172,0.038186818361282,-0.11714071780443,0.1516582518816,0.0020657253917307,0.17907254397869,-0.06917879730463,-0.098529912531376,-0.048642415553331,0.027442377060652,0.078499048948288,0.026265934109688,-0.05983941257,-0.053815294057131,-0.0091031240299344,0.019501971080899,0.043769329786301,-0.02362372726202,-0.17680948972702,0.15076443552971,0.025127083063126,-0.11172507703304,-0.067296721041203,0.036184519529343,0.053897257894278,-0.12716054916382,-0.040347762405872,-0.048438169062138,0.020648954436183,0.023845814168453,-0.17503798007965,0.082011267542839,-0.033815905451775,0.056023612618446,0.054979879409075,-0.016388904303312,0.030284456908703,0.055678937584162,0.035743240267038,0.07873846590519,-0.12546789646149,-0.046672310680151,-0.13391683995724,-0.010423800908029,-0.062268257141113,0.0081889647990465,0.11122860014439,0.016477953642607,0.0056104748509824,0.063856698572636,0.10107706487179,0.057234093546867,-0.015442565083504,0.17830061912537,0.094380632042885,-0.12379798293114,-0.030441459268332,0.05585815757513,-0.14621275663376,0.06827787309885,-0.06509318202734,0.06556162238121
-0.041951864957809,0.020744033157825,-0.031722284853458,0.032951969653368,0.096585959196091,0.16045050323009,-0.042631238698959,-0.1371810734272,0.019557816907763,0.0015560812316835,0.0079007418826222,-0.0012871206272393,0.024709101766348,0.1703941822052,0.057909805327654,0.048598319292068,0.06170754507184,0.16910694539547,0.029977411031723,-0.11595978587866,0.13007007539272,-0.066111169755459,0.073211506009102,0.14642049372196,0.17462050914764,-0.14730703830719,-0.050005227327347,-0.026760887354612,-0.060525178909302,0.10518007725477,0.1466720700264,0.0077906078658998,0.0034260272514075,0.037230040878057,0.043280854821205,0.1177316904068,-0.040601275861263,-0.14090117812157,0.018049234524369,-0.038226116448641,0.0037594472523779,0.063932560384274,0.14556801319122,-0.010441089980304,-0.019208798184991,-0.1458433419466,0.057588249444962,0.013488382101059,0.024000409990549,-0.033153206110001,0.055128574371338,-0.16556715965271,0.06655178964138,-0.037056226283312,0.040308196097612,0.16434289515018,0.012247866950929,0.17738984525204,0.056398119777441,-0.065222285687923,-0.075592823326588,0.10613980144262,0.037984330207109,-0.19319106638432,0.08113969117403,0.14011177420616,-0.081344977021217,0.02977635525167,-0.15660385787487,0.16074737906456,0.039319556206465,0.13750840723515,-0.06981784850359,-0.15931968390942,-0.028359739109874,0.067691996693611,0.028676677495241,-0.056513324379921,-0.066136635839939,-0.11759901046753,-0.037536341696978,0.10098324716091,0.039790712296963,-0.0019167569698766,-0.14966307580471,0.057024903595448,-0.021158061921597,-0.068440467119217,-0.05102077499032,0.025617431849241,-0.0084514701738954,-0.089697860181332,0.049629781395197,-0.070159167051315,0.088368773460388,0.072375491261482,-0.1744055300951,0.15155845880508,-0.032290622591972,0.08568000048399,0.052680719643831,-0.046889975667,0.015132206492126,0.004093561321497,-0.00011199850996491,0.090405911207199,-0.096131175756454,-0.16068084537983,-0.093571230769157,-0.020782016217709,-0.075856581330299,-0.02535367757082,0.078699290752411,0.00050214229850098,0.037527617067099,0.051350567489862,0.039611455053091,0.061010107398033,-0.0034929600078613,0.12795941531658,0.12139229476452,-0.097524642944336,-0.041739758104086,-0.042769320309162,-0.14329299330711,0.12524612247944,-0.038199428468943,0.062664851546288
0.076571710407734,-0.045230764895678,-0.095350794494152,-0.014204551465809,0.094569124281406,0.20357440412045,0.066591337323189,0.0017158157425001,-0.084542274475098,-0.075801305472851,0.014640001580119,0.024486476555467,0.06102329865098,0.02836193330586,-0.019591035321355,-0.015463585965335,-0.0011462580878288,0.1118965819478,-0.024335034191608,-0.097095116972923,0.16033409535885,-0.037253849208355,0.0054911263287067,0.2011863142252,0.090541854500771,-0.17404726147652,-0.012779266573489,-0.11111426353455,-0.016954684630036,0.094446644186974,0.054104149341583,-0.076891385018826,-0.1586420238018,0.014142342843115,-0.035966336727142,0.0053119380027056,-0.14523631334305,-0.24769957363605,0.012575773522258,0.079230189323425,0.050347328186035,0.035779625177383,0.021549090743065,0.10460490733385,-0.035051893442869,-0.089462406933308,0.048431668430567,0.010722770355642,-0.039738897234201,-0.036354061216116,0.046478673815727,-0.14332476258278,0.018395561724901,-0.054082937538624,-0.067772693932056,0.097854152321815,0.023072341457009,0.25031661987305,0.080275379121304,0.008748565800488,0.0086984019726515,0.18125575780869,0.078869983553886,-0.088862806558609,-0.053138192743063,-0.027436800301075,-0.0096625862643123,-0.001910378341563,-0.038209289312363,0.033236991614103,0.0070905736647546,0.1302635371685,-0.035557322204113,-0.14132960140705,-0.042325410991907,0.071344874799252,-0.016826836392283,-0.0080882282927632,-0.049764443188906,0.047787465155125,-0.013639479875565,0.01816825568676,0.027593336999416,-0.018208540976048,-0.15540263056755,0.17028786242008,0.067965716123581,-0.14059765636921,-0.16187053918839,-0.066258698701859,0.041136387735605,-0.068499729037285,-0.040310766547918,-0.053314056247473,-0.010460820049047,0.0309381429106,-0.10639976710081,0.051124554127455,-0.028225684538484,0.077722452580929,0.035008687525988,-0.017905656248331,0.038810938596725,0.10036092251539,-0.061193753033876,0.029162267223001,-0.1269719004631,0.052865505218506,-0.19257847964764,-0.030404057353735,0.059706922620535,-0.033651899546385,0.040553245693445,-0.053752783685923,-0.057760495692492,0.14884886145592,-0.064027048647404,0.080743402242661,-0.018362674862146,0.097025252878666,-0.0020309467799962,-0.12941218912601,-0.12266150861979,-0.036086067557335,-0.1716326624155,0.082729138433933,-0.22218029201031,0.015048726461828
0.1319395750761,-0.15293206274509,-0.040953431278467,0.054662793874741,0.11724603921175,0.16396972537041,0.045623756945133,-0.051532562822104,-0.097025781869888,-0.048893570899963,0.039310425519943,0.031962893903255,0.051983959972858,0.11987512558699,0.061770178377628,0.0035792517010123,0.10546161979437,0.21516153216362,0.061180077493191,-0.063357062637806,0.14239163696766,0.020381523296237,0.06424418836832,0.23467560112476,0.071797139942646,-0.16829396784306,-0.0036401215475053,-0.10764490067959,-0.10780894011259,0.11531471461058,-0.0045734494924545,-0.040510408580303,-0.085457690060139,0.084866315126419,0.054079975932837,0.041501332074404,-0.033825509250164,-0.22174865007401,0.014984252862632,-0.02207275852561,-0.0029299936722964,0.078177221119404,0.067986190319061,0.014512076042593,-0.089073702692986,-0.12685130536556,0.015258200466633,0.027968427166343,0.030614135786891,0.054304454475641,0.12190840393305,-0.21813045442104,0.055091440677643,0.02460315823555,0.020107505843043,0.082027345895767,0.084667667746544,0.16488733887672,0.078925170004368,0.038166351616383,0.033779188990593,0.13689742982388,0.0091933226212859,-0.15918834507465,0.016112795099616,-0.0039077908731997,-0.055653348565102,-0.014355832710862,-0.082623705267906,0.087025068700314,-0.020532282069325,0.10257326066494,-0.039546612650156,-0.14982075989246,-0.12554983794689,0.03261249512434,0.063156872987747,-0.01785753108561,-0.0090724136680365,-0.04750894382596,0.022489404305816,0.043244458734989,-0.0019416899885982,-0.080121971666813,-0.098011858761311,0.089951939880848,0.005951817613095,-0.12806138396263,-0.13424526154995,0.037246152758598,0.073552794754505,-0.039548777043819,-0.0043115029111505,-0.058509349822998,0.0011773041915148,0.074659861624241,-0.13985937833786,0.091898001730442,-0.01331858150661,0.079018488526344,0.11849898099899,0.023639580234885,0.055262576788664,0.012958965264261,0.056903097778559,-0.012942400760949,-0.071559920907021,-0.12514312565327,-0.17121569812298,0.035502720624208,-0.018760837614536,-0.047460701316595,0.14653919637203,-0.051294539123774,-0.032769769430161,0.1123458892107,0.082130901515484,0.04100776091218,-0.11671266704798,0.074377380311489,0.033894941210747,-0.12524777650833,-0.057490780949593,-0.028260143473744,-0.14333453774452,0.079409621655941,-0.09245615452528,0.021717987954617
0.032455950975418,-0.05057267844677,-0.025389114394784,0.012913907878101,0.096169516444206,0.19183206558228,0.090001165866852,-0.015173634514213,-0.067045241594315,-0.038266569375992,-0.021419702097774,0.065438896417618,0.047579988837242,0.018132803961635,0.0056293024681509,-0.008174248971045,-0.019144730642438,0.10222398489714,-0.011686620302498,-0.038804680109024,0.13608168065548,-0.089054480195045,-0.0057998336851597,0.25300189852715,0.07899784296751,-0.1512059867382,-0.075856521725655,-0.105399556458,-0.02360088378191,0.091650322079659,0.071367703378201,-0.025659311562777,-0.13330362737179,0.05813655257225,-0.044842347502708,0.043675143271685,-0.10902308672667,-0.2022620588541,-0.015240254811943,0.03162832185626,0.07352814078331,0.0026233603712171,0.08866199105978,0.0224379748106,-0.016337465494871,-0.13978476822376,0.079073540866375,4.7637604438933e-06,-0.036545392125845,0.014540397562087,0.034681748598814,-0.20035526156425,0.025878185406327,-0.03796348720789,0.053056936711073,0.13880164921284,-0.018390137702227,0.27770164608955,0.040814284235239,-0.00067149038659409,-0.02449156716466,0.18217976391315,0.081787712872028,-0.16968828439713,0.020107589662075,0.052316065877676,-0.037159495055676,-0.074001669883728,-0.16286444664001,0.042211629450321,-0.027277667075396,0.15842217206955,-0.073940090835094,-0.024393728002906,-0.017076954245567,0.081535153090954,0.073128469288349,0.0050162253901362,0.014740015380085,-0.031251940876245,-0.04533451423049,0.011873037554324,0.031333606690168,-0.0059923781082034,-0.13832750916481,0.1073999106884,0.052471853792667,-0.081165991723537,-0.084467343986034,-0.0089653814211488,0.059682585299015,-0.081346355378628,0.018987476825714,-0.037472628057003,0.021148478612304,0.084544450044632,-0.10826032608747,0.067207813262939,0.0045985379256308,0.10546965152025,0.031804848462343,-0.04164807498455,-0.021588584408164,0.086072325706482,-0.047271978110075,0.092120848596096,-0.1145286038518,-0.036874540150166,-0.17216895520687,-0.026568034663796,-0.0072904480621219,0.0077464780770242,0.064804501831532,-0.062901981174946,-0.011533690616488,0.12758418917656,0.042717643082142,0.081273160874844,-0.02528278157115,0.15289279818535,0.041083797812462,-0.12381295114756,-0.086722314357758,-0.036558091640472,-0.21877890825272,0.14986933767796,-0.17071802914143,-0.0074539114721119
0.057317677885294,-0.020083241164684,-0.067575767636299,0.029120462015271,0.10002686828375,0.16844919323921,0.032701693475246,-0.026017416268587,-0.054539203643799,0.0060368753038347,0.066223010420799,0.017423804849386,0.078847013413906,0.15526247024536,0.06033219397068,0.017809590324759,0.12077279388905,0.18769061565399,-0.0080577367916703,-0.094421565532684,0.14917908608913,-0.062813930213451,0.081366136670113,0.19298429787159,0.12824836373329,-0.20249393582344,-0.013293377123773,-0.050562720745802,-0.052964229136705,0.10172005742788,0.066617280244827,-0.0074828714132309,-0.026157135143876,0.084699302911758,-0.053420562297106,0.055825565010309,-0.075042471289635,-0.16918668150902,-0.018849799409509,0.035693395882845,0.019130039960146,0.059269353747368,0.083230458199978,0.035609189420938,-0.088256783783436,-0.15235203504562,0.029464224353433,-0.013990760780871,0.0012402109568939,-0.0037741642445326,0.12127686291933,-0.15614396333694,-0.031418051570654,-0.019801383838058,-0.018888348713517,0.14737822115421,0.03562043979764,0.19221657514572,0.10906831175089,0.011722789146006,-0.05153127387166,0.090722851455212,0.0040622497908771,-0.18859216570854,0.031442742794752,0.043724991381168,-0.066500775516033,0.033262070268393,-0.12696345150471,0.15007074177265,0.021981606259942,0.12835101783276,-0.056810963898897,-0.15913580358028,-0.0467334613204,0.064977593719959,0.046882789582014,-0.0039513218216598,-0.08417647331953,-0.087772391736507,-0.086819671094418,0.029743632301688,0.048710573464632,-0.034237321466208,-0.15781357884407,0.12697198987007,0.036952413618565,-0.14668549597263,-0.095576204359531,-0.007469130679965,-0.014521877281368,-0.12944090366364,-0.014074456878006,-0.096465744078159,0.062430128455162,0.042969468981028,-0.16264618933201,0.10111252218485,-0.044272352010012,0.08822725713253,0.035927679389715,0.002796359360218,0.069281287491322,0.10157188028097,0.0015503045869991,0.040431797504425,-0.13610509037971,-0.06596190482378,-0.12511175870895,-0.091127835214138,-0.066706366837025,-0.012880280613899,0.081670753657818,-0.0051726950332522,0.0074657560326159,0.064299926161766,0.058580834418535,0.022647408768535,0.00592858530581,0.15828624367714,0.070905707776546,-0.11463729292154,-0.10805743932724,0.017959030345082,-0.11046299338341,0.06212830170989,-0.097386784851551,0.064360193908215
0.077312134206295,0.037965726107359,0.0060081197880208,-0.057734370231628,0.058296266943216,0.21020521223545,-0.023632545024157,0.089940838515759,-0.14369383454323,0.10521205514669,0.049432385712862,-0.042149815708399,0.088530160486698,0.020763689652085,0.10184419155121,0.074174910783768,0.051560845226049,0.16606160998344,-0.043213833123446,0.018808048218489,0.10994999855757,-0.032113537192345,0.13806426525116,0.18009285628796,0.04339649900794,-0.16124930977821,-0.0060179699212313,-0.026674462482333,0.042445853352547,-0.0019255067454651,0.03127346560359,-0.084089174866676,-0.053200896829367,0.11448916047812,-0.036649916321039,0.045290894806385,-0.073316112160683,-0.076332069933414,7.6333594734024e-07,0.013789390213788,-0.093319036066532,-0.03438564017415,0.058783140033484,0.019529169425368,-0.067614480853081,-0.1922347843647,0.061984404921532,0.083111822605133,-0.11232779920101,0.1737602353096,0.12255949527025,-0.11885956674814,-0.11737345159054,0.00028707290766761,-0.024818506091833,0.067309521138668,0.04221947491169,0.13667853176594,0.076519630849361,-0.065696850419044,-0.089717954397202,0.095519997179508,0.076578542590141,-0.18562883138657,0.0066262297332287,0.047566451132298,-0.10103244334459,0.0038027525879443,-0.20514418184757,0.13234725594521,-0.030616592615843,0.13852685689926,-0.082876108586788,6.3544561271556e-05,-0.040637467056513,-0.06563338637352,0.10549266636372,0.024433646351099,0.065866537392139,-0.045381937175989,0.00026604297454469,-0.073466427624226,0.029803430661559,-0.047153260558844,-0.08790223300457,0.066767930984497,-0.046694651246071,-0.039854492992163,0.1073936894536,0.090802408754826,0.053577501326799,-0.093542017042637,-0.057906299829483,0.025610990822315,0.08833135664463,0.059514377266169,-0.1360574811697,0.17055037617683,-0.12364809960127,0.040302235633135,0.054809097200632,0.012009563855827,-0.04587010294199,0.043045688420534,0.027325704693794,0.10901139676571,-0.086228981614113,-0.11590483039618,0.044264040887356,-0.10961379110813,-0.060837171971798,0.12582556903362,0.12549521028996,0.072223223745823,0.073031142354012,0.037263572216034,0.12963274121284,0.074754640460014,0.013519993983209,0.17292954027653,0.053398378193378,-0.16551159322262,0.014539465308189,0.01678491383791,-0.12484661489725,0.039649162441492,0.017901368439198,0.012978601269424
0.074057601392269,0.024581437930465,-0.04312377795577,0.05656249076128,0.060548584908247,0.25235471129417,0.023826463147998,-0.05786319822073,-0.035380635410547,-0.0066994782537222,0.073697075247765,-0.0066595748066902,0.027207372710109,0.061486423015594,0.05554686114192,0.018978632986546,0.088361315429211,0.18545387685299,0.0056800507009029,-0.1620200574398,0.16044801473618,-0.023552739992738,0.037827588617802,0.15305629372597,0.14981460571289,-0.18363490700722,-0.041249707341194,-0.093171425163746,-0.066747181117535,0.089407593011856,0.12784706056118,-0.012303654104471,-0.081415824592113,0.078644655644894,0.039201442152262,0.053835432976484,-0.054711982607841,-0.18785217404366,0.067619800567627,0.01231952290982,0.0013377906288952,0.031913217157125,0.075289204716682,0.025564327836037,-0.029654586687684,-0.17616982758045,0.039683543145657,-0.013014163821936,-0.056044649332762,-0.033856343477964,0.13754492998123,-0.130715072155,0.0061542461626232,-0.022690070793033,-0.041942488402128,0.14537838101387,0.017957892268896,0.17950016260147,0.057141181081533,-0.024532478302717,-0.048496440052986,0.083860397338867,0.055525407195091,-0.26011577248573,0.07432571798563,0.034404627978802,-0.031370833516121,0.013308121822774,-0.14527676999569,0.18757803738117,0.023971801623702,0.1356528699398,-0.081900916993618,-0.15522876381874,-0.099072232842445,0.017079995945096,0.030109515413642,-0.018039675429463,-0.087458804249763,-0.046924602240324,-0.081667207181454,0.05809411406517,0.047717127948999,-0.04999477788806,-0.16025945544243,0.086092904210091,0.022877955809236,-0.16738595068455,-0.097770169377327,0.0055722147226334,0.0049306773580611,-0.14489322900772,-0.014697881415486,-0.051293462514877,0.064791612327099,0.062715165317059,-0.10743591934443,0.072676762938499,-0.077990122139454,0.12574708461761,0.03635561093688,0.019431179389358,-0.010071335360408,0.072662480175495,0.036251328885555,0.044658023864031,-0.066838577389717,-0.093975849449635,-0.14898225665092,-0.042776137590408,-0.074418798089027,-0.045413158833981,0.077221371233463,-0.017103860154748,0.074542559683323,0.039493922144175,0.013622211292386,0.033940944820642,0.021524144336581,0.10855929553509,0.096653282642365,-0.12347332388163,-0.041757665574551,-0.0051509910263121,-0.017070421949029,0.054895855486393,-0.029198043048382,0.03875993937254
0.11212673038244,-0.073857247829437,-0.069644622504711,-0.0028964411467314,0.10938316583633,0.17795006930828,0.10861617326736,0.052680842578411,-0.10246053338051,-0.020851708948612,0.034000352025032,0.026682268828154,0.052107006311417,0.082950361073017,0.048431187868118,-0.017420649528503,0.097620986402035,0.18415820598602,0.016992270946503,-0.12749634683132,0.14909411966801,-0.013022411614656,-0.012094457633793,0.132439032197,0.088355667889118,-0.18409614264965,-0.0056082345545292,-0.067237481474876,-0.10323578119278,0.099505499005318,-0.025181442499161,-0.058511842042208,-0.08482901006937,0.098878234624863,0.010181931778789,-0.01287797652185,-0.022332029417157,-0.25555527210236,0.02514773607254,-0.014896346256137,0.054366126656532,0.047509890049696,0.1518050134182,0.061024602502584,-0.070104174315929,-0.11892829835415,0.025885790586472,-0.034186232835054,-0.060763213783503,-0.0092937154695392,0.10810060054064,-0.23541070520878,-0.033113937824965,0.031505044549704,-0.0020288929808885,0.126768887043,-0.010993706993759,0.1689772605896,0.048673909157515,0.034055508673191,0.050029717385769,0.089097663760185,0.0042060245759785,-0.16908083856106,0.035288013517857,0.018671592697501,-0.091323673725128,0.01136121340096,-0.070590071380138,0.063593350350857,0.019132494926453,0.089539349079132,-0.036351982504129,-0.20001012086868,-0.10850109159946,0.094596311450005,0.061305489391088,0.0090633509680629,-0.04493023455143,-0.11898999661207,-0.069233000278473,0.039340630173683,0.039399195462465,-0.024387197569013,-0.15830320119858,0.14748692512512,0.058155942708254,-0.14679953455925,-0.087892070412636,0.040526900440454,0.036360401660204,-0.14138662815094,-0.078095763921738,-0.092327237129211,0.010357475839555,0.084537968039513,-0.10676262527704,0.03597703948617,-0.056525684893131,0.11547963321209,0.03459046036005,0.020489513874054,0.070649832487106,0.047713797539473,-0.0031676252838224,0.0048008891753852,-0.11825593560934,-0.027345463633537,-0.2594957947731,-0.050907038152218,-0.012924051843584,-0.10435224324465,0.086062595248222,-0.043314345180988,0.008987776003778,0.050114415585995,0.043762478977442,0.028068628162146,-0.036924965679646,0.057457078248262,0.057152640074492,-0.11240579932928,-0.051548905670643,0.022416543215513,-0.036894392222166,0.012317297980189,-0.098857760429382,-0.0082871355116367
0.10412667691708,-0.047459781169891,-0.10302631556988,0.024772703647614,0.085042834281921,0.18672196567059,0.025286022573709,-0.034218445420265,-0.042745944112539,-0.072845228016376,0.071846947073936,0.018770083785057,0.076899744570255,0.13217911124229,0.014640271663666,0.0075559746474028,0.10169629752636,0.12530381977558,-0.0041466173715889,-0.059001073241234,0.15497533977032,-0.062143787741661,0.054517973214388,0.21867476403713,0.11603365838528,-0.21052826941013,0.016242999583483,-0.056766655296087,-0.06782516092062,0.11230468004942,0.058704100549221,-0.054796770215034,-0.049036215990782,0.080731213092804,-0.058921378105879,0.053697161376476,-0.055498957633972,-0.18675602972507,0.0098005952313542,0.032381370663643,0.0059381923638284,0.045593228191137,0.086129158735275,0.0075567024759948,-0.045017227530479,-0.15291419625282,0.033443447202444,7.1816575655248e-05,-0.0071001728065312,0.027080316096544,0.059656675904989,-0.17259812355042,0.029443180188537,0.01297967415303,-0.013889214023948,0.12693190574646,0.012661369517446,0.21523699164391,0.068089537322521,-0.010844394564629,-0.036977205425501,0.1414804905653,0.063284561038017,-0.20607447624207,-0.027483571320772,0.076264463365078,-0.03504578396678,0.018866281956434,-0.11666443198919,0.05985988304019,-0.0024826703593135,0.0942447707057,-0.075348138809204,-0.15607608854771,-0.010771122761071,0.072524979710579,0.075658679008484,-0.033481247723103,-0.061847005039454,-0.020228734239936,-0.050526317209005,0.015283305197954,0.03289795294404,-0.053563382476568,-0.1394436955452,0.18676674365997,0.0054183062165976,-0.15204378962517,-0.1059530749917,-0.0050501949153841,0.0442278906703,-0.15391942858696,0.001180799677968,-0.028044782578945,0.041814181953669,0.041631937026978,-0.16142742335796,0.079728931188583,-0.02113014832139,0.079490095376968,0.046289380639791,-0.026148300617933,0.03349481523037,0.096719346940517,-0.025494139641523,0.077703289687634,-0.1096096932888,-0.044570162892342,-0.19777499139309,-0.075932420790195,-0.029914822429419,-0.021111231297255,0.10474394261837,-0.0017690826207399,-0.023483159020543,0.10360249131918,0.0041376468725502,0.077832542359829,-0.012384758330882,0.13507664203644,0.034466505050659,-0.1325262337923,-0.091813914477825,0.0033867731690407,-0.12946863472462,0.085512481629848,-0.12883806228638,0.033926282078028
-0.00090226711472496,0.10797494649887,0.045513711869717,0.095181152224541,0.068587243556976,0.1809319704771,-0.0075611304491758,-0.19775067269802,-0.03751802444458,0.057601045817137,-0.0081401485949755,0.064142696559429,-0.013749324716628,0.014561259187758,0.052138429135084,0.030450794845819,0.065351501107216,0.19897037744522,0.00095359038095921,-0.051065973937511,0.011472104117274,0.0005800420185551,0.037811916321516,0.19729678332806,0.0729044303298,-0.10815308988094,-0.083777658641338,-0.044318024069071,-0.059799153357744,0.1038034632802,0.068809248507023,0.11878196895123,-0.043050408363342,0.089339435100555,0.067851766943932,0.071751058101654,0.026210889220238,-0.11431837826967,0.0236049387604,-0.012036744505167,0.012857905589044,-0.018330674618483,0.12638673186302,-0.11099663376808,-0.039076406508684,-0.076224341988564,0.11433491110802,0.027513757348061,-0.081005282700062,0.048249300569296,0.18062350153923,-0.11072171479464,0.042113970965147,-0.031051591038704,0.064810626208782,0.12490274757147,0.015137917362154,0.11722560971975,0.035179045051336,0.0055369958281517,-0.068775825202465,0.12994250655174,0.02193608507514,-0.28327235579491,0.14590167999268,0.060723919421434,-0.04605770483613,-0.081007547676563,-0.28693515062332,0.2087315171957,-0.013013490475714,0.11237331479788,-0.07151211053133,0.030896943062544,-0.034962341189384,0.042240981012583,0.071724750101566,-0.010859346017241,-0.011156137101352,-0.14765603840351,-0.019099775701761,0.1041242852807,-0.0074762352742255,-0.018230630084872,-0.08887092769146,-0.0083135198801756,-0.058596089482307,-0.097560055553913,-0.068520471453667,0.12156660109758,-0.0087941586971283,-0.071031577885151,0.081684432923794,-0.0084846038371325,0.061403937637806,0.10907643288374,-0.068570032715797,0.087896831333637,0.01892333664,0.069435253739357,0.05719294026494,0.014461082406342,-0.070460416376591,0.068529672920704,0.044577289372683,0.055868778377771,-0.039858885109425,-0.15253782272339,-0.10390369594097,0.048298295587301,-0.073834173381329,0.034870900213718,0.14430759847164,-0.014226674102247,0.0092803947627544,-0.035261556506157,0.037480752915144,0.041371427476406,-0.019650695845485,0.12189531326294,0.13764446973801,-0.079109750688076,0.0054218424484134,-0.051195081323385,-0.049548961222172,0.13857147097588,-0.0065853758715093,-0.068443521857262
0.078584581613541,-0.047756358981133,-0.073973432183266,0.018929250538349,0.062650427222252,0.25809207558632,0.074988760054111,0.050877552479506,0.0066467272117734,-0.040602684020996,0.085259720683098,0.025395445525646,0.070361018180847,-0.023610664531589,-0.022496314719319,-0.017862426117063,-0.010816241614521,0.097956009209156,-0.063304513692856,-0.08936446160078,0.22930702567101,-0.11922294646502,-0.030442593619227,0.18634277582169,0.11918911337852,-0.1646990776062,-0.055016290396452,-0.12881579995155,-0.036095008254051,0.054665550589561,0.12662456929684,-0.054623071104288,-0.12697002291679,0.087296888232231,-0.031962245702744,0.046496111899614,-0.11237405985594,-0.19159817695618,0.026042934507132,-0.026928458362818,0.088025718927383,-0.037584345787764,0.026731494814157,0.078483499586582,-0.0027068748604506,-0.23294243216515,0.011256212368608,0.014816615730524,-0.051114819943905,-0.040839068591595,0.015877408906817,-0.14082573354244,-0.015226665884256,-0.028747253119946,0.015433793887496,0.13880607485771,-0.066072389483452,0.20920750498772,0.00077936158049852,-0.073173873126507,-0.035362157970667,0.076664090156555,0.13506452739239,-0.16749730706215,-0.0018259729258716,0.048525668680668,-0.019875569269061,0.028850734233856,-0.074356019496918,0.089459761977196,-0.0079477299004793,0.12394690513611,-0.096914134919643,-0.14701940119267,-0.055139854550362,0.030820930376649,0.046452783048153,0.035204082727432,-0.043408427387476,0.033621035516262,-0.11828616261482,0.017704546451569,0.078437320888042,-0.042490303516388,-0.17027008533478,0.13801857829094,0.11592522263527,-0.065956480801105,-0.042540013790131,-0.026950027793646,0.07760664075613,-0.16802084445953,-0.041364174336195,-0.022132974117994,-0.014086602255702,0.015878217294812,-0.11115267127752,0.0061358469538391,-0.064129717648029,0.094415701925755,0.066675864160061,-0.02470332942903,-0.028029944747686,0.054893713444471,0.0090169180184603,0.091896437108517,-0.10039211809635,-0.005269865039736,-0.17364327609539,-0.075618557631969,-0.044872675091028,-0.014997689053416,0.00075816962635145,-0.038206972181797,0.10586693137884,0.09695803374052,-0.027078043669462,0.040598690509796,0.041367407888174,0.1345646828413,0.046429447829723,-0.12099598348141,-0.063518576323986,0.026885339990258,-0.090552419424057,0.090753808617592,-0.072501488029957,0.04934199526906
0.05829007178545,-0.015601080842316,-0.087810896337032,0.044722829014063,0.10671426355839,0.21450725197792,0.037251308560371,-0.087974362075329,-0.05607882142067,-0.047638319432735,0.07460293918848,0.096747249364853,0.042877215892076,0.057189095765352,0.01530502922833,0.03563379496336,-0.0010339979780838,0.093185089528561,0.0014755293959752,-0.051474846899509,0.13110357522964,-0.034833334386349,0.021130796521902,0.19829845428467,0.13230019807816,-0.12196411192417,-0.0016299675917253,-0.068563707172871,-0.025261932983994,0.134486079216,0.06168569996953,0.015658278018236,-0.078782565891743,0.080234110355377,-0.070546723902225,0.073424033820629,-0.084437303245068,-0.22899322211742,0.042599853128195,0.066857106983662,0.084152683615685,-0.0038841946516186,0.11379510164261,0.040773712098598,-0.077594146132469,-0.16419419646263,0.092158026993275,-0.017335332930088,-0.0018302229000255,0.013498276472092,0.086949005723,-0.13043273985386,-0.024171372875571,-0.0040214895270765,0.046478714793921,0.13092145323753,-0.027037339285016,0.23995085060596,0.02452490478754,0.044343560934067,-0.093534000217915,0.088091365993023,0.12017160654068,-0.18375273048878,0.019235486164689,0.060235727578402,-0.039616316556931,-0.030643789097667,-0.130126953125,0.10813058912754,-0.0075006801635027,0.17050451040268,-0.067465148866177,-0.060871131718159,0.026069430634379,0.058491494506598,0.066588997840881,-0.017975414171815,-0.094570092856884,-0.0079280594363809,-0.00047189451288432,0.036079697310925,0.091695852577686,0.00036544355680235,-0.16867746412754,0.14154061675072,0.054966546595097,-0.114766292274,-0.11255338042974,0.0046082749031484,0.033663354814053,-0.13280293345451,-0.051126468926668,-0.010747898370028,0.016257833689451,0.031428303569555,-0.14767169952393,0.06722653657198,0.022117681801319,0.067800365388393,-0.0010027950629592,-0.032693691551685,0.029769076034427,0.10531167685986,-0.033915814012289,0.10910192131996,-0.11074204742908,0.0075646387413144,-0.17243926227093,-0.057033102959394,-0.023136407136917,-0.00012369629985187,0.063435353338718,-0.009793552570045,-0.0024893097579479,0.076410211622715,0.054238833487034,0.081492826342583,0.016935614868999,0.17824314534664,0.10168444365263,-0.13219341635704,-0.048487439751625,-0.023077568039298,-0.15641863644123,0.13671453297138,-0.083607904613018,0.072018429636955
0.12101018428802,0.008689939044416,0.031993206590414,-0.042514946311712,0.062960065901279,0.2009602189064,0.074828960001469,0.10027078539133,-0.096172824501991,0.02900880202651,0.019557313993573,-0.053282331675291,0.10531919449568,0.07189729064703,0.15449689328671,0.025912908837199,0.09982094168663,0.10959267616272,-0.078496776521206,-0.042769409716129,0.079168632626534,0.020391767844558,0.090448550879955,0.19661499559879,0.016711248084903,-0.25048980116844,-0.054635040462017,-0.0089808534830809,-0.017356226220727,0.022356243804097,0.059905905276537,-0.048932727426291,-0.087382242083549,0.13790556788445,-0.037501823157072,0.024611776694655,0.0070071346126497,-0.10497817397118,-0.014744351617992,0.075480364263058,-0.030172370374203,0.0021906688343734,0.068677805364132,-0.049384109675884,-0.04853543266654,-0.16165970265865,-0.00566336652264,0.06295919418335,-0.038315631449223,0.16556027531624,0.11171555519104,-0.18181076645851,-0.079124979674816,0.024863477796316,-0.055002436041832,0.074777953326702,0.021130999550223,0.16224992275238,0.08383759111166,0.014270131476223,-0.078104592859745,0.13768236339092,-0.032709591090679,-0.26349204778671,-0.017387492582202,0.041307725012302,-0.031751874834299,-0.032316774129868,-0.21548776328564,0.058941666036844,-0.015263125300407,0.11988515406847,-0.06521613150835,-0.00068740622373298,-0.041577577590942,-0.0018451629439369,0.1199801415205,-0.021382935345173,0.062060263007879,-0.035473085939884,0.021563665941358,-0.095133498311043,0.027019411325455,-0.033593464642763,-0.062458608299494,0.10475930571556,-0.029120318591595,-0.13128167390823,-0.021360678598285,0.073227539658546,0.059556242078543,-0.13607920706272,-0.0014400692889467,-0.026841506361961,0.056743621826172,0.086165130138397,-0.11658175289631,0.093059726059437,-0.10428334027529,0.11685032397509,0.041051611304283,0.010917558334768,-0.03142124786973,0.10359404981136,0.0077390279620886,0.045902758836746,-0.11292394250631,-0.10756788402796,-0.055492170155048,-0.065340518951416,-0.061330024152994,0.040251292288303,0.123032130301,0.044005677103996,-0.0048431153409183,0.066465072333813,0.13335931301117,0.11842049658298,-0.055461719632149,0.16342727839947,0.046451643109322,-0.13843746483326,-0.038913674652576,0.067356288433075,-0.1016590744257,-0.0059234201908112,-0.087114781141281,-0.01507680863142
0.13529452681541,-0.00059782929020002,-0.044688042253256,0.071773782372475,0.037880100309849,0.23450201749802,0.08584838360548,-0.022327039390802,-0.066465929150581,-0.067059800028801,0.063824750483036,0.028883004561067,0.022126648575068,0.057437498122454,0.032707385718822,-0.031932145357132,0.10524109750986,0.145049020648,0.015761097893119,-0.12680608034134,0.12885119020939,-0.0066187297925353,0.0019847024232149,0.1928451359272,0.10835938155651,-0.18673583865166,-0.025084689259529,-0.072754912078381,-0.085227087140083,0.10711620748043,0.053055416792631,-0.013226127251983,-0.085918009281158,0.11117615550756,-0.01032081246376,-0.012699578888714,-0.018424587324262,-0.16602590680122,0.045157138258219,0.036262288689613,0.026654072105885,0.037062898278236,0.10974899679422,-0.0036379410885274,-0.040625836700201,-0.19200260937214,0.046839527785778,-0.067530870437622,-0.052186563611031,0.029651395976543,0.15103916823864,-0.14643053710461,0.021350506693125,0.040240161120892,-0.0024496321566403,0.1307081580162,0.018492186442018,0.20656523108482,0.061956636607647,-0.018531123176217,-0.039969779551029,0.10540182888508,0.052632242441177,-0.28423827886581,0.027003506198525,0.061769340187311,0.0024095056578517,-0.066739909350872,-0.18217007815838,0.11420423537493,-0.0079287467524409,0.088942877948284,-0.068583324551582,-0.060823552310467,-0.064064525067806,0.027713349089026,0.081056505441666,-0.070972383022308,-0.061451621353626,-0.03806771337986,-0.086780078709126,0.028890637680888,0.061484970152378,-0.073751248419285,-0.10260674357414,0.094772644340992,0.01648099347949,-0.19872653484344,-0.093994185328484,0.021772306412458,0.025323186069727,-0.18105991184711,-0.0067248619161546,-0.054632771760225,0.066894538700581,0.063075818121433,-0.067563876509666,0.058352421969175,-0.039007697254419,0.12906762957573,0.0043470533564687,0.051448341459036,0.021868644282222,0.1434508562088,-0.023369818925858,0.03675938770175,-0.062353942543268,-0.061168998479843,-0.21800699830055,-0.069596000015736,-0.023143373429775,-0.041935041546822,0.087731145322323,-0.025266163051128,0.035935252904892,0.037878092378378,0.065478429198265,0.030574727803469,0.027960939332843,0.10104719549417,0.082567065954208,-0.12556867301464,-0.033027306199074,-0.022127993404865,-0.012219267897308,0.043315418064594,-0.029252808541059,0.0080673675984144
0.035903446376324,0.021782601252198,0.032198656350374,0.0069416579790413,0.11880251020193,0.2360610216856,0.10658621042967,0.039060913026333,-0.09358786046505,-0.015510438010097,-0.049804918467999,0.10142228752375,0.0256939958781,-0.052039250731468,0.082376658916473,-0.018978361040354,0.046563528478146,0.1020168736577,-0.013829872012138,-0.091231763362885,0.11415714770555,0.014075547456741,-0.040241323411465,0.15931640565395,0.093372441828251,-0.12605866789818,-0.099135190248489,-0.11154609173536,-0.037438318133354,0.090209133923054,0.092273071408272,0.036221224814653,-0.075205914676189,0.096276298165321,0.0026607494801283,-0.0012124134227633,-0.014582133851945,-0.19484980404377,0.020609758794308,0.013164887204766,0.13873112201691,-0.009261155501008,0.15915136039257,0.015692241489887,-0.059234488755465,-0.10469534993172,0.10294252634048,-0.08256459236145,-0.10373909026384,-0.031771760433912,0.12898907065392,-0.19453628361225,-0.0054319892078638,-0.02251803688705,0.052569095045328,0.15239365398884,-0.059827856719494,0.20783910155296,0.0014818607596681,0.0082295993342996,-0.061548069119453,0.087796621024609,0.0086605064570904,-0.25002411007881,0.12150432169437,0.00019647377484944,-0.053843289613724,-0.082560919225216,-0.21580705046654,0.071495391428471,0.012931988574564,0.12193733453751,-0.088338695466518,-0.078030705451965,-0.025448868051171,0.13467642664909,0.038101743906736,0.0065342132002115,0.00049515470163897,-0.046772312372923,-0.10398365557194,0.039734877645969,0.099616892635822,0.06589712202549,-0.091682612895966,0.039895102381706,0.10260055214167,-0.084058851003647,-0.10203342139721,0.049777504056692,-0.017961537465453,-0.13615295290947,-0.063560716807842,-0.0053046806715429,0.0082716653123498,0.11080859601498,-0.025891993194818,0.04829878360033,-0.070023462176323,0.13371127843857,-0.031538639217615,0.015612069517374,-0.027714228257537,0.13187484443188,-0.076569549739361,0.047855276614428,-0.11023800075054,-0.027221044525504,-0.1847528219223,-0.063499048352242,-0.036758426576853,-0.05803594365716,-0.0088165597990155,-0.056392688304186,0.053657818585634,0.02341509051621,-0.00075576378731057,0.0080202156677842,-0.01070398837328,0.167131498456,0.1210176050663,-0.089113548398018,-0.048467673361301,-0.034349538385868,-0.012291827239096,0.079977713525295,-0.049706812947989,-0.03678809851408
0.065116368234158,-0.1115490347147,-0.097917258739471,0.0065738949924707,0.092100284993649,0.1911902576685,0.018372468650341,0.017787616699934,-0.089952223002911,-0.056537982076406,0.043601870536804,0.10175506025553,0.023113446310163,0.022593272849917,-0.035177305340767,-0.046383805572987,0.011899266391993,0.16396267712116,0.044565990567207,-0.056481551378965,0.12044693529606,-0.023115187883377,0.0099309515208006,0.22951520979404,0.081489399075508,-0.12885746359825,0.086133532226086,-0.091319017112255,-0.080889128148556,0.073843494057655,0.0075658671557903,-0.14753164350986,-0.085280992090702,0.031861662864685,-0.030281925573945,0.027381783351302,-0.13660387694836,-0.30286028981209,-0.022228507325053,0.041277140378952,0.054800521582365,0.024647546932101,0.050254460424185,0.14426681399345,-0.096903674304485,-0.14917857944965,0.056709334254265,-0.009908152744174,-0.025834036991,0.025850236415863,0.084769271314144,-0.19466233253479,-0.0036796433851123,-0.031642079353333,-0.006596333347261,0.12030844390392,-0.022804565727711,0.21851283311844,0.060692474246025,0.029189886525273,0.0075217480771244,0.12378400564194,0.10709062218666,-0.081481672823429,-0.015801895409822,-0.057597391307354,-0.050687946379185,-0.033968236297369,-0.058772936463356,0.090322352945805,0.0023460700176656,0.10504063218832,-0.028038585558534,-0.1653540879488,-0.061185531318188,0.068989500403404,0.014687207527459,0.028554385527968,-0.046085711568594,-0.016324182972312,-0.055325113236904,0.030822031199932,0.052995331585407,-0.014999874867499,-0.15576668083668,0.13431099057198,0.075431421399117,-0.10178143531084,-0.098902225494385,-0.013105634599924,0.022672371938825,-0.075025960803032,-0.061959192156792,-0.042229488492012,0.01318967808038,0.03625201061368,-0.12652222812176,0.035536397248507,-0.038590531796217,0.046655084937811,0.030711255967617,0.0012951026437804,0.048013370484114,0.002882931381464,-0.0075427093543112,0.04673196002841,-0.096547059714794,-0.032682918012142,-0.25454315543175,-0.028060633689165,0.048068191856146,-0.044680714607239,0.12272725254297,-0.045173730701208,-0.053561933338642,0.090313278138638,0.021942215040326,0.042285904288292,-0.0051823286339641,0.094398006796837,0.027460629120469,-0.16514568030834,-0.10318627953529,-0.068400748074055,-0.13501884043217,0.1021822988987,-0.12717266380787,0.040651079267263
-0.0034960759803653,0.069304160773754,-0.086429014801979,0.0066854804754257,0.039070971310139,0.23148214817047,0.021095767617226,-0.096161231398582,0.00019184112898074,0.01737405359745,0.018578011542559,-0.010836363770068,0.043083991855383,0.026731846854091,-0.010696265846491,0.046473853290081,-0.062879793345928,0.097363106906414,0.015376780182123,-0.11140470951796,0.15937195718288,-0.11031780391932,0.033282332122326,0.13818746805191,0.11044512689114,-0.17416900396347,-0.071374148130417,-0.098997369408607,-0.039625328034163,0.13231192529202,0.099865585565567,-0.064540356397629,-0.082735575735569,0.037346608936787,0.035870119929314,0.077256754040718,-0.046732719987631,-0.1754275560379,0.069804213941097,0.015466185286641,-0.024269364774227,-0.041707754135132,0.11944096535444,-0.011521778069437,0.020770747214556,-0.14200848340988,0.083169601857662,0.034982934594154,-0.036596488207579,0.028898794203997,0.040823068469763,-0.12608045339584,0.024000085890293,0.0080235563218594,0.039490677416325,0.13822111487389,0.033074114471674,0.16757462918758,0.0021476321853697,-0.044789098203182,-0.042854998260736,0.12473105639219,0.127815797925,-0.2270825356245,0.061971627175808,0.062919870018959,-0.054816763848066,-0.0017767201643437,-0.14258918166161,0.098661951720715,0.0038592403288931,0.16666032373905,-0.11893302202225,-0.095020137727261,-0.0042469762265682,0.072320088744164,0.05864580348134,-0.0080529442057014,-0.025471730157733,-0.021688859909773,-0.02920308150351,0.0080909840762615,0.046793334186077,0.045371118932962,-0.20297972857952,0.14405159652233,-0.015610347501934,-0.095338746905327,-0.017376862466335,0.012536592781544,0.0097590209916234,-0.13983838260174,0.045808233320713,-0.032023143023252,0.013212071731687,0.028366724029183,-0.13708044588566,0.12004145979881,-0.0053711198270321,0.11134726554155,0.08794017881155,-0.031176263466477,-0.052726689726114,0.032826341688633,0.036601707339287,0.10536856204271,-0.079320564866066,-0.043373696506023,-0.17175559699535,0.01862077601254,-0.075159803032875,-0.042355351150036,0.095194056630135,-0.032239839434624,0.022913467139006,0.14215444028378,0.041123647242785,0.15154924988747,-0.0038048902060837,0.14354236423969,0.072069868445396,-0.15493695437908,-0.0086970506235957,-0.03082057274878,-0.16417768597603,0.15012441575527,-0.09184292703867,0.058915566653013
